path,relative_path,status,action,container,video_codec,audio_codec,duration,size_mb,reason,repaired_path,backup_path,error
C:\X1_Share\Recordings\Movies\Now You See Me - Now You Don't (2025) [425274]\Now You See Me - Now You Don't (2025).mp4,Movies/Now You See Me - Now You Don't (2025) [425274]/Now You See Me - Now You Don't (2025).mp4,ok,none,mpegts,h264,aac,49.0,22.2,ffprobe passed and file is TV-safe enough,,,
C:\X1_Share\Recordings\Movies\The Devil Wears Prada 2 (2026) [1314481]\The Devil Wears Prada 2 (2026).mp4,Movies/The Devil Wears Prada 2 (2026) [1314481]/The Devil Wears Prada 2 (2026).mp4,ok,none,mpegts,h264,aac,6729.166666,2142.2,ffprobe passed and file is TV-safe enough,,,
C:\X1_Share\Recordings\TV\Abbott Elementary [125935]\Season 05\Abbott Elementary - S05E14 - Aide.mp4,TV/Abbott Elementary [125935]/Season 05/Abbott Elementary - S05E14 - Aide.mp4,repaired,repaired,png_pipe,png,,0.0,219.1,missing/zero duration; video codec png may not be TV-safe,C:\X1_Share\Recordings\TV\Abbott Elementary [125935]\Season 05\Abbott Elementary - S05E14 - Aide.mp4,C:\X1_Share\Recordings\_MediaRenamer_Originals\20260511_231006\TV\Abbott Elementary [125935]\Season 05\Abbott Elementary - S05E14 - Aide.mp4,
C:\X1_Share\Recordings\TV\Abbott Elementary [125935]\Season 05\Abbott Elementary - S05E15 - Safety Day.mp4,TV/Abbott Elementary [125935]/Season 05/Abbott Elementary - S05E15 - Safety Day.mp4,repaired,repaired,png_pipe,png,,0.0,193.2,missing/zero duration; video codec png may not be TV-safe,C:\X1_Share\Recordings\TV\Abbott Elementary [125935]\Season 05\Abbott Elementary - S05E15 - Safety Day.mp4,C:\X1_Share\Recordings\_MediaRenamer_Originals\20260511_231006\TV\Abbott Elementary [125935]\Season 05\Abbott Elementary - S05E15 - Safety Day.mp4,
C:\X1_Share\Recordings\TV\Abbott Elementary [125935]\Season 05\Abbott Elementary - S05E17 - No Homework.mp4,TV/Abbott Elementary [125935]/Season 05/Abbott Elementary - S05E17 - No Homework.mp4,ok,none,"mov,mp4,m4a,3gp,3g2,mj2",h264,aac,1293.3754,356.8,ffprobe passed and file is TV-safe enough,,,
C:\X1_Share\Recordings\TV\Allegiance [240936]\Season 01\Allegiance - S01E06 - Safe Harbours.mp4,TV/Allegiance [240936]/Season 01/Allegiance - S01E06 - Safe Harbours.mp4,repaired,repaired,png_pipe,png,,0.0,245.1,missing/zero duration; video codec png may not be TV-safe,C:\X1_Share\Recordings\TV\Allegiance [240936]\Season 01\Allegiance - S01E06 - Safe Harbours.mp4,C:\X1_Share\Recordings\_MediaRenamer_Originals\20260511_231006\TV\Allegiance [240936]\Season 01\Allegiance - S01E06 - Safe Harbours.mp4,
C:\X1_Share\Recordings\TV\Allegiance [240936]\Season 03\Allegiance - S03E08 - Runaway Train.mp4,TV/Allegiance [240936]/Season 03/Allegiance - S03E08 - Runaway Train.mp4,ok,none,"mov,mp4,m4a,3gp,3g2,mj2",h264,aac,2627.059229,464.8,ffprobe passed and file is TV-safe enough,,,
C:\X1_Share\Recordings\TV\Best Medicine [291084]\Season 01\Best Medicine - S01E11 - Mind Your Own Buboes.mp4,TV/Best Medicine [291084]/Season 01/Best Medicine - S01E11 - Mind Your Own Buboes.mp4,ok,none,"mov,mp4,m4a,3gp,3g2,mj2",h264,aac,2609.086984,528.8,ffprobe passed and file is TV-safe enough,,,
C:\X1_Share\Recordings\TV\Canada's Drag Race [94038]\Season 02\Canada's Drag Race - S02E01 - Episode 01.ts,TV/Canada's Drag Race [94038]/Season 02/Canada's Drag Race - S02E01 - Episode 01.ts,repaired,repaired,mpegts,h264,aac,4515.476267,1145.2,not mp4 container,C:\X1_Share\Recordings\TV\Canada's Drag Race [94038]\Season 02\Canada's Drag Race - S02E01 - Episode 01.mp4,C:\X1_Share\Recordings\_MediaRenamer_Originals\20260511_231006\TV\Canada's Drag Race [94038]\Season 02\Canada's Drag Race - S02E01 - Episode 01.ts,
C:\X1_Share\Recordings\TV\Canada's Drag Race [94038]\Season 02\Canada's Drag Race - S02E05 - Episode 05.mp4,TV/Canada's Drag Race [94038]/Season 02/Canada's Drag Race - S02E05 - Episode 05.mp4,ok,none,"mov,mp4,m4a,3gp,3g2,mj2",h264,aac,3561.861179,840.1,ffprobe passed and file is TV-safe enough,,,
C:\X1_Share\Recordings\TV\Canada's Drag Race [94038]\Season 06 - Season 6\Canada's Drag Race - S06E09 - Pop Queens of the North.ts,TV/Canada's Drag Race [94038]/Season 06 - Season 6/Canada's Drag Race - S06E09 - Pop Queens of the North.ts,repaired,repaired,mpegts,h264,aac,3917.496822,971.1,not mp4 container,C:\X1_Share\Recordings\TV\Canada's Drag Race [94038]\Season 06 - Season 6\Canada's Drag Race - S06E09 - Pop Queens of the North.mp4,C:\X1_Share\Recordings\_MediaRenamer_Originals\20260511_231006\TV\Canada's Drag Race [94038]\Season 06 - Season 6\Canada's Drag Race - S06E09 - Pop Queens of the North.ts,
C:\X1_Share\Recordings\TV\Canada's Drag Race [94038]\Season 20\Canada's Drag Race - S20E26 - Episode 26.ts,TV/Canada's Drag Race [94038]/Season 20/Canada's Drag Race - S20E26 - Episode 26.ts,repaired,repaired,mpegts,h264,aac,2681.5293,641.4,not mp4 container,C:\X1_Share\Recordings\TV\Canada's Drag Race [94038]\Season 20\Canada's Drag Race - S20E26 - Episode 26.mp4,C:\X1_Share\Recordings\_MediaRenamer_Originals\20260511_231006\TV\Canada's Drag Race [94038]\Season 20\Canada's Drag Race - S20E26 - Episode 26.ts,
C:\X1_Share\Recordings\TV\CIA [289560]\Season 01\CIA - S01E01 - Directed Energy.mp4,TV/CIA [289560]/Season 01/CIA - S01E01 - Directed Energy.mp4,ok,none,"mov,mp4,m4a,3gp,3g2,mj2",h264,aac,2580.43356,474.1,ffprobe passed and file is TV-safe enough,,,
C:\X1_Share\Recordings\TV\CIA [289560]\Season 01\CIA - S01E02 - Fatal Defect.mp4,TV/CIA [289560]/Season 01/CIA - S01E02 - Fatal Defect.mp4,ok,none,"mov,mp4,m4a,3gp,3g2,mj2",h264,aac,2588.467664,488.4,ffprobe passed and file is TV-safe enough,,,
C:\X1_Share\Recordings\TV\CIA [289560]\Season 01\CIA - S01E03 - Bridge of Lies.mp4,TV/CIA [289560]/Season 01/CIA - S01E03 - Bridge of Lies.mp4,ok,none,"mov,mp4,m4a,3gp,3g2,mj2",h264,aac,2242.035714,344.6,ffprobe passed and file is TV-safe enough,,,
C:\X1_Share\Recordings\TV\CIA [289560]\Season 01\CIA - S01E04 - Forced Labor.mp4,TV/CIA [289560]/Season 01/CIA - S01E04 - Forced Labor.mp4,ok,none,"mov,mp4,m4a,3gp,3g2,mj2",h264,aac,2353.156644,447.4,ffprobe passed and file is TV-safe enough,,,
C:\X1_Share\Recordings\TV\CIA [289560]\Season 01\CIA - S01E05 - Deep Cover.mp4,TV/CIA [289560]/Season 01/CIA - S01E05 - Deep Cover.mp4,ok,none,"mov,mp4,m4a,3gp,3g2,mj2",h264,aac,2493.869569,611.4,ffprobe passed and file is TV-safe enough,,,
C:\X1_Share\Recordings\TV\CIA [289560]\Season 01\CIA - S01E06 - Pledge of Allegiance.mp4,TV/CIA [289560]/Season 01/CIA - S01E06 - Pledge of Allegiance.mp4,ok,none,"mov,mp4,m4a,3gp,3g2,mj2",h264,aac,2517.931656,145.0,ffprobe passed and file is TV-safe enough,,,
C:\X1_Share\Recordings\TV\CIA [289560]\Season 01\CIA - S01E07 - Elimination Game.mp4,TV/CIA [289560]/Season 01/CIA - S01E07 - Elimination Game.mp4,repaired,repaired,png_pipe,png,,0.0,294.5,missing/zero duration; video codec png may not be TV-safe,C:\X1_Share\Recordings\TV\CIA [289560]\Season 01\CIA - S01E07 - Elimination Game.mp4,C:\X1_Share\Recordings\_MediaRenamer_Originals\20260511_231006\TV\CIA [289560]\Season 01\CIA - S01E07 - Elimination Game.mp4,
C:\X1_Share\Recordings\TV\CIA [289560]\Season 01\CIA - S01E08 - Orbital.mp4,TV/CIA [289560]/Season 01/CIA - S01E08 - Orbital.mp4,repaired,repaired,png_pipe,png,,0.0,271.0,missing/zero duration; video codec png may not be TV-safe,C:\X1_Share\Recordings\TV\CIA [289560]\Season 01\CIA - S01E08 - Orbital.mp4,C:\X1_Share\Recordings\_MediaRenamer_Originals\20260511_231006\TV\CIA [289560]\Season 01\CIA - S01E08 - Orbital.mp4,
C:\X1_Share\Recordings\TV\CIA [289560]\Season 01\CIA - S01E09 - Blood Money.mp4,TV/CIA [289560]/Season 01/CIA - S01E09 - Blood Money.mp4,repaired,repaired,png_pipe,png,,0.0,270.4,missing/zero duration; video codec png may not be TV-safe,C:\X1_Share\Recordings\TV\CIA [289560]\Season 01\CIA - S01E09 - Blood Money.mp4,C:\X1_Share\Recordings\_MediaRenamer_Originals\20260511_231006\TV\CIA [289560]\Season 01\CIA - S01E09 - Blood Money.mp4,
C:\X1_Share\Recordings\TV\CIA [289560]\Season 01\CIA - S01E10 - Rare Earth.mp4,TV/CIA [289560]/Season 01/CIA - S01E10 - Rare Earth.mp4,repaired,repaired,png_pipe,png,,0.0,321.7,missing/zero duration; video codec png may not be TV-safe,C:\X1_Share\Recordings\TV\CIA [289560]\Season 01\CIA - S01E10 - Rare Earth.mp4,C:\X1_Share\Recordings\_MediaRenamer_Originals\20260511_231006\TV\CIA [289560]\Season 01\CIA - S01E10 - Rare Earth.mp4,
C:\X1_Share\Recordings\TV\Citadel [114922]\Season 01\Citadel - S01E01 - The Human Enigma.mp4,TV/Citadel [114922]/Season 01/Citadel - S01E01 - The Human Enigma.mp4,ok,none,"mov,mp4,m4a,3gp,3g2,mj2",h264,aac,2515.928526,419.3,ffprobe passed and file is TV-safe enough,,,
C:\X1_Share\Recordings\TV\Citadel [114922]\Season 01\Citadel - S01E02 - Spies Appear in Night Time.mp4,TV/Citadel [114922]/Season 01/Citadel - S01E02 - Spies Appear in Night Time.mp4,ok,none,"mov,mp4,m4a,3gp,3g2,mj2",h264,aac,2401.527937,553.4,ffprobe passed and file is TV-safe enough,,,
C:\X1_Share\Recordings\TV\Citadel [114922]\Season 01\Citadel - S01E03 - Infinite Shadows.mp4,TV/Citadel [114922]/Season 01/Citadel - S01E03 - Infinite Shadows.mp4,ok,none,"mov,mp4,m4a,3gp,3g2,mj2",h264,aac,2573.839093,401.7,ffprobe passed and file is TV-safe enough,,,
C:\X1_Share\Recordings\TV\Citadel [114922]\Season 01\Citadel - S01E04 - Tell Her Everything.mp4,TV/Citadel [114922]/Season 01/Citadel - S01E04 - Tell Her Everything.mp4,ok,none,mpegts,h264,aac,2359.7511,315.0,ffprobe passed and file is TV-safe enough,,,
C:\X1_Share\Recordings\TV\Citadel [114922]\Season 01\Citadel - S01E05 - Time Renders Us Enemies.mp4,TV/Citadel [114922]/Season 01/Citadel - S01E05 - Time Renders Us Enemies.mp4,ok,none,"mov,mp4,m4a,3gp,3g2,mj2",h264,aac,2330.470726,333.5,ffprobe passed and file is TV-safe enough,,,
C:\X1_Share\Recordings\TV\Citadel [114922]\Season 01\Citadel - S01E06 - Secrets in Night Need Early Rains.mp4,TV/Citadel [114922]/Season 01/Citadel - S01E06 - Secrets in Night Need Early Rains.mp4,ok,none,"mov,mp4,m4a,3gp,3g2,mj2",h264,aac,2968.926621,402.5,ffprobe passed and file is TV-safe enough,,,
C:\X1_Share\Recordings\TV\Come Dine with Me [2637]\Season 2026 - 2026\Come Dine with Me - S2026E01 - Bradford - Night 1 - Kulvir.mp4,TV/Come Dine with Me [2637]/Season 2026 - 2026/Come Dine with Me - S2026E01 - Bradford - Night 1 - Kulvir.mp4,ok,none,mpegts,h264,aac,1375.56,221.7,ffprobe passed and file is TV-safe enough,,,
C:\X1_Share\Recordings\TV\Come Dine with Me [2637]\Season 2026 - 2026\Come Dine with Me - S2026E02 - Bradford - Night 2 - Jason.mp4,TV/Come Dine with Me [2637]/Season 2026 - 2026/Come Dine with Me - S2026E02 - Bradford - Night 2 - Jason.mp4,ok,none,mpegts,h264,aac,1367.0,202.4,ffprobe passed and file is TV-safe enough,,,
C:\X1_Share\Recordings\TV\Come Dine with Me [2637]\Season 2026 - 2026\Come Dine with Me - S2026E03 - Bradford - Night 3 - Gaby.mp4,TV/Come Dine with Me [2637]/Season 2026 - 2026/Come Dine with Me - S2026E03 - Bradford - Night 3 - Gaby.mp4,ok,none,mpegts,h264,aac,1367.64,192.7,ffprobe passed and file is TV-safe enough,,,
C:\X1_Share\Recordings\TV\Come Dine with Me [2637]\Season 2026 - 2026\Come Dine with Me - S2026E04 - Bradford - Night 4 - Akili.mp4,TV/Come Dine with Me [2637]/Season 2026 - 2026/Come Dine with Me - S2026E04 - Bradford - Night 4 - Akili.mp4,ok,none,mpegts,h264,aac,1371.56,185.7,ffprobe passed and file is TV-safe enough,,,
C:\X1_Share\Recordings\TV\Come Dine with Me [2637]\Season 2026 - 2026\Come Dine with Me - S2026E05 - Bradford - Night 5 - Tom.mp4,TV/Come Dine with Me [2637]/Season 2026 - 2026/Come Dine with Me - S2026E05 - Bradford - Night 5 - Tom.mp4,ok,none,mpegts,h264,aac,1378.96,210.0,ffprobe passed and file is TV-safe enough,,,
C:\X1_Share\Recordings\TV\Come Dine with Me [2637]\Season 2026 - 2026\Come Dine with Me - S2026E06 - South Wales - Night 1 - Claire.mp4,TV/Come Dine with Me [2637]/Season 2026 - 2026/Come Dine with Me - S2026E06 - South Wales - Night 1 - Claire.mp4,ok,none,mpegts,h264,aac,1367.56,218.5,ffprobe passed and file is TV-safe enough,,,
C:\X1_Share\Recordings\TV\Come Dine with Me [2637]\Season 2026 - 2026\Come Dine with Me - S2026E07 - South Wales - Night 2 - Richard.mp4,TV/Come Dine with Me [2637]/Season 2026 - 2026/Come Dine with Me - S2026E07 - South Wales - Night 2 - Richard.mp4,ok,none,mpegts,h264,aac,1366.32,196.0,ffprobe passed and file is TV-safe enough,,,
C:\X1_Share\Recordings\TV\Come Dine with Me [2637]\Season 2026 - 2026\Come Dine with Me - S2026E08 - South Wales - Night 3 - Daffyd.mp4,TV/Come Dine with Me [2637]/Season 2026 - 2026/Come Dine with Me - S2026E08 - South Wales - Night 3 - Daffyd.mp4,ok,none,mpegts,h264,aac,1374.52,201.0,ffprobe passed and file is TV-safe enough,,,
C:\X1_Share\Recordings\TV\Detective Hole [249597]\Season 01\Detective Hole - S01E01 - 36 Seconds.mp4,TV/Detective Hole [249597]/Season 01/Detective Hole - S01E01 - 36 Seconds.mp4,ok,none,"mov,mp4,m4a,3gp,3g2,mj2",h264,aac,3724.736145,792.9,ffprobe passed and file is TV-safe enough,,,
C:\X1_Share\Recordings\TV\FROM [124364]\Season 02\FROM - S02E04 - This Way Gone.mp4,TV/FROM [124364]/Season 02/FROM - S02E04 - This Way Gone.mp4,ok,none,"mov,mp4,m4a,3gp,3g2,mj2",h264,aac,2868.500317,477.7,ffprobe passed and file is TV-safe enough,,,
C:\X1_Share\Recordings\TV\FROM [124364]\Season 02\FROM - S02E05 - Lullaby.mp4,TV/FROM [124364]/Season 02/FROM - S02E05 - Lullaby.mp4,ok,none,"mov,mp4,m4a,3gp,3g2,mj2",h264,aac,2471.021134,458.4,ffprobe passed and file is TV-safe enough,,,
C:\X1_Share\Recordings\TV\FROM [124364]\Season 02\FROM - S02E06 - Pas de Deux.mp4,TV/FROM [124364]/Season 02/FROM - S02E06 - Pas de Deux.mp4,ok,none,mpegts,h264,aac,2930.6369,483.7,ffprobe passed and file is TV-safe enough,,,
C:\X1_Share\Recordings\TV\FROM [124364]\Season 02\FROM - S02E07 - Belly of the Beast.mp4,TV/FROM [124364]/Season 02/FROM - S02E07 - Belly of the Beast.mp4,ok,none,"mov,mp4,m4a,3gp,3g2,mj2",h264,aac,2934.700408,350.2,ffprobe passed and file is TV-safe enough,,,
C:\X1_Share\Recordings\TV\FROM [124364]\Season 02\FROM - S02E08 - Forest for the Trees.mp4,TV/FROM [124364]/Season 02/FROM - S02E08 - Forest for the Trees.mp4,ok,none,mpegts,h264,aac,2729.064478,353.8,ffprobe passed and file is TV-safe enough,,,
C:\X1_Share\Recordings\TV\FROM [124364]\Season 02\FROM - S02E09 - Ball of Magic Fire.mp4,TV/FROM [124364]/Season 02/FROM - S02E09 - Ball of Magic Fire.mp4,ok,none,mpegts,h264,aac,2788.762978,273.3,ffprobe passed and file is TV-safe enough,,,
C:\X1_Share\Recordings\TV\FROM [124364]\Season 03\FROM - S03E07 - These Fragile Lives.mp4,TV/FROM [124364]/Season 03/FROM - S03E07 - These Fragile Lives.mp4,ok,none,"mov,mp4,m4a,3gp,3g2,mj2",h264,aac,1107.493356,213.0,ffprobe passed and file is TV-safe enough,,,
C:\X1_Share\Recordings\TV\FROM [124364]\Season 03\FROM - S03E08 - Thresholds.mp4,TV/FROM [124364]/Season 03/FROM - S03E08 - Thresholds.mp4,ok,none,"mov,mp4,m4a,3gp,3g2,mj2",h264,aac,3020.103401,696.3,ffprobe passed and file is TV-safe enough,,,
C:\X1_Share\Recordings\TV\FROM [124364]\Season 03\FROM - S03E10 - Revelations - Chapter Two.mp4,TV/FROM [124364]/Season 03/FROM - S03E10 - Revelations - Chapter Two.mp4,ok,none,"mov,mp4,m4a,3gp,3g2,mj2",h264,aac,4408.49415,909.9,ffprobe passed and file is TV-safe enough,,,
C:\X1_Share\Recordings\TV\FROM [124364]\Season 04\FROM - S04E02 - Fray.mp4,TV/FROM [124364]/Season 04/FROM - S04E02 - Fray.mp4,ok,none,"mov,mp4,m4a,3gp,3g2,mj2",h264,aac,600.603447,96.5,ffprobe passed and file is TV-safe enough,,,
C:\X1_Share\Recordings\TV\FROM [124364]\Season 04\FROM - S04E03 - Merrily We Go.mp4,TV/FROM [124364]/Season 04/FROM - S04E03 - Merrily We Go.mp4,ok,none,"mov,mp4,m4a,3gp,3g2,mj2",h264,aac,1146.121814,234.8,ffprobe passed and file is TV-safe enough,,,
C:\X1_Share\Recordings\TV\FROM [124364]\Season 04\FROM - S04E04 - Of Myths and Monsters.mp4,TV/FROM [124364]/Season 04/FROM - S04E04 - Of Myths and Monsters.mp4,repaired,repaired,png_pipe,png,,0.0,167.5,missing/zero duration; video codec png may not be TV-safe,C:\X1_Share\Recordings\TV\FROM [124364]\Season 04\FROM - S04E04 - Of Myths and Monsters.mp4,C:\X1_Share\Recordings\_MediaRenamer_Originals\20260511_231006\TV\FROM [124364]\Season 04\FROM - S04E04 - Of Myths and Monsters.mp4,
C:\X1_Share\Recordings\TV\Ghosts [126027]\Season 05\Ghosts - S05E03 - Halloween 5 - The Mummy.mp4,TV/Ghosts [126027]/Season 05/Ghosts - S05E03 - Halloween 5 - The Mummy.mp4,ok,none,"mov,mp4,m4a,3gp,3g2,mj2",h264,aac,1272.407075,246.5,ffprobe passed and file is TV-safe enough,,,
C:\X1_Share\Recordings\TV\Ghosts [126027]\Season 05\Ghosts - S05E12 - The List.mp4,TV/Ghosts [126027]/Season 05/Ghosts - S05E12 - The List.mp4,repaired,repaired,png_pipe,png,,0.0,66.6,missing/zero duration; video codec png may not be TV-safe,C:\X1_Share\Recordings\TV\Ghosts [126027]\Season 05\Ghosts - S05E12 - The List.mp4,C:\X1_Share\Recordings\_MediaRenamer_Originals\20260511_231006\TV\Ghosts [126027]\Season 05\Ghosts - S05E12 - The List.mp4,
C:\X1_Share\Recordings\TV\Ghosts [126027]\Season 05\Ghosts - S05E13 - St. Hetty's Day 2 - The Help.mp4,TV/Ghosts [126027]/Season 05/Ghosts - S05E13 - St. Hetty's Day 2 - The Help.mp4,repaired,repaired,png_pipe,png,,0.0,62.9,missing/zero duration; video codec png may not be TV-safe,C:\X1_Share\Recordings\TV\Ghosts [126027]\Season 05\Ghosts - S05E13 - St. Hetty's Day 2 - The Help.mp4,C:\X1_Share\Recordings\_MediaRenamer_Originals\20260511_231006\TV\Ghosts [126027]\Season 05\Ghosts - S05E13 - St. Hetty's Day 2 - The Help.mp4,
C:\X1_Share\Recordings\TV\Ghosts [126027]\Season 05\Ghosts - S05E16 - Woodstone Royale.mp4,TV/Ghosts [126027]/Season 05/Ghosts - S05E16 - Woodstone Royale.mp4,repaired,repaired,png_pipe,png,,0.0,120.1,missing/zero duration; video codec png may not be TV-safe,C:\X1_Share\Recordings\TV\Ghosts [126027]\Season 05\Ghosts - S05E16 - Woodstone Royale.mp4,C:\X1_Share\Recordings\_MediaRenamer_Originals\20260511_231006\TV\Ghosts [126027]\Season 05\Ghosts - S05E16 - Woodstone Royale.mp4,
C:\X1_Share\Recordings\TV\Ghosts [126027]\Season 05\Ghosts - S05E17 - The Investor.mp4,TV/Ghosts [126027]/Season 05/Ghosts - S05E17 - The Investor.mp4,repaired,repaired,png_pipe,png,,0.0,77.4,missing/zero duration; video codec png may not be TV-safe,C:\X1_Share\Recordings\TV\Ghosts [126027]\Season 05\Ghosts - S05E17 - The Investor.mp4,C:\X1_Share\Recordings\_MediaRenamer_Originals\20260511_231006\TV\Ghosts [126027]\Season 05\Ghosts - S05E17 - The Investor.mp4,
C:\X1_Share\Recordings\TV\Ghosts [126027]\Season 05\Ghosts - S05E18 - Under New Management.mp4,TV/Ghosts [126027]/Season 05/Ghosts - S05E18 - Under New Management.mp4,repaired,repaired,png_pipe,png,,0.0,142.8,missing/zero duration; video codec png may not be TV-safe,C:\X1_Share\Recordings\TV\Ghosts [126027]\Season 05\Ghosts - S05E18 - Under New Management.mp4,C:\X1_Share\Recordings\_MediaRenamer_Originals\20260511_231006\TV\Ghosts [126027]\Season 05\Ghosts - S05E18 - Under New Management.mp4,
C:\X1_Share\Recordings\TV\Hacks [124101]\Season 05\Hacks - S05E02 - Number One Fan.mp4,TV/Hacks [124101]/Season 05/Hacks - S05E02 - Number One Fan.mp4,ok,none,"mov,mp4,m4a,3gp,3g2,mj2",h264,aac,1261.261497,385.4,ffprobe passed and file is TV-safe enough,,,
C:\X1_Share\Recordings\TV\Hacks [124101]\Season 05\Hacks - S05E03 - No New Tricks.mp4,TV/Hacks [124101]/Season 05/Hacks - S05E03 - No New Tricks.mp4,ok,none,mpegts,h264,aac,2255.191644,536.9,ffprobe passed and file is TV-safe enough,,,
C:\X1_Share\Recordings\TV\Hacks [124101]\Season 05\Hacks - S05E04 - Who's Making Dinner -.mp4,TV/Hacks [124101]/Season 05/Hacks - S05E04 - Who's Making Dinner -.mp4,repaired,repaired,png_pipe,png,,0.0,345.7,missing/zero duration; video codec png may not be TV-safe,C:\X1_Share\Recordings\TV\Hacks [124101]\Season 05\Hacks - S05E04 - Who's Making Dinner -.mp4,C:\X1_Share\Recordings\_MediaRenamer_Originals\20260511_231006\TV\Hacks [124101]\Season 05\Hacks - S05E04 - Who's Making Dinner -.mp4,
C:\X1_Share\Recordings\TV\Hacks [124101]\Season 05\Hacks - S05E05 - D'Amazing Race.mp4,TV/Hacks [124101]/Season 05/Hacks - S05E05 - D'Amazing Race.mp4,repaired,repaired,png_pipe,png,,0.0,345.7,missing/zero duration; video codec png may not be TV-safe,C:\X1_Share\Recordings\TV\Hacks [124101]\Season 05\Hacks - S05E05 - D'Amazing Race.mp4,C:\X1_Share\Recordings\_MediaRenamer_Originals\20260511_231006\TV\Hacks [124101]\Season 05\Hacks - S05E05 - D'Amazing Race.mp4,
C:\X1_Share\Recordings\TV\Hacks [124101]\Season 05\Hacks - S05E06 - QuikScribbl.mp4,TV/Hacks [124101]/Season 05/Hacks - S05E06 - QuikScribbl.mp4,repaired,repaired,png_pipe,png,,0.0,108.2,missing/zero duration; video codec png may not be TV-safe,C:\X1_Share\Recordings\TV\Hacks [124101]\Season 05\Hacks - S05E06 - QuikScribbl.mp4,C:\X1_Share\Recordings\_MediaRenamer_Originals\20260511_231006\TV\Hacks [124101]\Season 05\Hacks - S05E06 - QuikScribbl.mp4,
C:\X1_Share\Recordings\TV\Hacks [124101]\Season 05\Hacks - S05E07 - Montecito.mp4,TV/Hacks [124101]/Season 05/Hacks - S05E07 - Montecito.mp4,ok,none,mpegts,h264,aac,2243.991744,287.5,ffprobe passed and file is TV-safe enough,,,
C:\X1_Share\Recordings\TV\Happy's Place [253896]\Season 02\Happy's Place - S02E14 - Borrowin' Trouble.mp4,TV/Happy's Place [253896]/Season 02/Happy's Place - S02E14 - Borrowin' Trouble.mp4,ok,none,"mov,mp4,m4a,3gp,3g2,mj2",h264,aac,1281.323537,406.6,ffprobe passed and file is TV-safe enough,,,
C:\X1_Share\Recordings\TV\Happy's Place [253896]\Season 02\Happy's Place - S02E18 - Couples Counseling.mp4,TV/Happy's Place [253896]/Season 02/Happy's Place - S02E18 - Couples Counseling.mp4,ok,none,"mov,mp4,m4a,3gp,3g2,mj2",h264,aac,1297.020227,384.8,ffprobe passed and file is TV-safe enough,,,
C:\X1_Share\Recordings\TV\Heated Rivalry [301507]\Season 01\Heated Rivalry - S01E01 - Rookies.mp4,TV/Heated Rivalry [301507]/Season 01/Heated Rivalry - S01E01 - Rookies.mp4,ok,none,"mov,mp4,m4a,3gp,3g2,mj2",h264,aac,2960.892517,447.0,ffprobe passed and file is TV-safe enough,,,
C:\X1_Share\Recordings\TV\Heated Rivalry [301507]\Season 01\Heated Rivalry - S01E02 - Olympians.mp4,TV/Heated Rivalry [301507]/Season 01/Heated Rivalry - S01E02 - Olympians.mp4,ok,none,"mov,mp4,m4a,3gp,3g2,mj2",h264,aac,2613.661315,337.8,ffprobe passed and file is TV-safe enough,,,
C:\X1_Share\Recordings\TV\Heated Rivalry [301507]\Season 01\Heated Rivalry - S01E03 - Hunter.mp4,TV/Heated Rivalry [301507]/Season 01/Heated Rivalry - S01E03 - Hunter.mp4,ok,none,"mov,mp4,m4a,3gp,3g2,mj2",h264,aac,2613.693989,423.8,ffprobe passed and file is TV-safe enough,,,
C:\X1_Share\Recordings\TV\Heated Rivalry [301507]\Season 01\Heated Rivalry - S01E04 - Rose.mp4,TV/Heated Rivalry [301507]/Season 01/Heated Rivalry - S01E04 - Rose.mp4,ok,none,"mov,mp4,m4a,3gp,3g2,mj2",h264,aac,2613.693989,424.6,ffprobe passed and file is TV-safe enough,,,
C:\X1_Share\Recordings\TV\Heated Rivalry [301507]\Season 01\Heated Rivalry - S01E05 - I'll Believe in Anything.mp4,TV/Heated Rivalry [301507]/Season 01/Heated Rivalry - S01E05 - I'll Believe in Anything.mp4,ok,none,"mov,mp4,m4a,3gp,3g2,mj2",h264,aac,2960.915867,468.3,ffprobe passed and file is TV-safe enough,,,
C:\X1_Share\Recordings\TV\Heated Rivalry [301507]\Season 01\Heated Rivalry - S01E06 - The Cottage.mp4,TV/Heated Rivalry [301507]/Season 01/Heated Rivalry - S01E06 - The Cottage.mp4,ok,none,"mov,mp4,m4a,3gp,3g2,mj2",h264,aac,3110.899033,593.2,ffprobe passed and file is TV-safe enough,,,
C:\X1_Share\Recordings\TV\High Potential [226637]\Season 02\High Potential - S02E01 - Pawns.ts,TV/High Potential [226637]/Season 02/High Potential - S02E01 - Pawns.ts,repaired,repaired,mpegts,h264,aac,3651.648,1853.9,not mp4 container,C:\X1_Share\Recordings\TV\High Potential [226637]\Season 02\High Potential - S02E01 - Pawns.mp4,C:\X1_Share\Recordings\_MediaRenamer_Originals\20260511_231006\TV\High Potential [226637]\Season 02\High Potential - S02E01 - Pawns.ts,
C:\X1_Share\Recordings\TV\High Potential [226637]\Season 02\High Potential - S02E07 - The One That Got Away (1).mp4,TV/High Potential [226637]/Season 02/High Potential - S02E07 - The One That Got Away (1).mp4,ok,none,mpegts,h264,aac,2474.096622,1150.6,ffprobe passed and file is TV-safe enough,,,
C:\X1_Share\Recordings\TV\Hijack [198102]\Season 02\Hijack - S02E08 - Terminal.mp4,TV/Hijack [198102]/Season 02/Hijack - S02E08 - Terminal.mp4,repaired,repaired,png_pipe,png,,0.0,577.4,missing/zero duration; video codec png may not be TV-safe,C:\X1_Share\Recordings\TV\Hijack [198102]\Season 02\Hijack - S02E08 - Terminal.mp4,C:\X1_Share\Recordings\_MediaRenamer_Originals\20260511_231006\TV\Hijack [198102]\Season 02\Hijack - S02E08 - Terminal.mp4,
C:\X1_Share\Recordings\TV\I'm a Celebrity - Get Me Out of Here! [61913]\Season 18\I'm a Celebrity - Get Me Out of Here! - S18E03 - Episode 03.mp4,TV/I'm a Celebrity - Get Me Out of Here! [61913]/Season 18/I'm a Celebrity - Get Me Out of Here! - S18E03 - Episode 03.mp4,ok,none,"mov,mp4,m4a,3gp,3g2,mj2",h264,aac,2860.001814,565.4,ffprobe passed and file is TV-safe enough,,,
C:\X1_Share\Recordings\TV\I'm a Celebrity - Get Me Out of Here! [61913]\Season 18\I'm a Celebrity - Get Me Out of Here! - S18E04 - Episode 04.mp4,TV/I'm a Celebrity - Get Me Out of Here! [61913]/Season 18/I'm a Celebrity - Get Me Out of Here! - S18E04 - Episode 04.mp4,ok,none,"mov,mp4,m4a,3gp,3g2,mj2",h264,aac,2141.988322,355.4,ffprobe passed and file is TV-safe enough,,,
C:\X1_Share\Recordings\TV\I'm a Celebrity - Get Me Out of Here! [61913]\Season 18\I'm a Celebrity - Get Me Out of Here! - S18E05 - Episode 05.mp4,TV/I'm a Celebrity - Get Me Out of Here! [61913]/Season 18/I'm a Celebrity - Get Me Out of Here! - S18E05 - Episode 05.mp4,ok,none,"mov,mp4,m4a,3gp,3g2,mj2",h264,aac,3919.342585,815.9,ffprobe passed and file is TV-safe enough,,,
C:\X1_Share\Recordings\TV\I'm a Celebrity - Get Me Out of Here! [61913]\Season 18\I'm a Celebrity - Get Me Out of Here! - S18E06 - Episode 06.mp4,TV/I'm a Celebrity - Get Me Out of Here! [61913]/Season 18/I'm a Celebrity - Get Me Out of Here! - S18E06 - Episode 06.mp4,ok,none,"mov,mp4,m4a,3gp,3g2,mj2",h264,aac,2787.021497,1179.0,ffprobe passed and file is TV-safe enough,,,
C:\X1_Share\Recordings\TV\I'm a Celebrity - Get Me Out of Here! [61913]\Season 18\I'm a Celebrity - Get Me Out of Here! - S18E07 - Episode 07.mp4,TV/I'm a Celebrity - Get Me Out of Here! [61913]/Season 18/I'm a Celebrity - Get Me Out of Here! - S18E07 - Episode 07.mp4,ok,none,"mov,mp4,m4a,3gp,3g2,mj2",h264,aac,2800.094331,211.0,ffprobe passed and file is TV-safe enough,,,
C:\X1_Share\Recordings\TV\I'm a Celebrity - Get Me Out of Here! [61913]\Season 18\I'm a Celebrity - Get Me Out of Here! - S18E08 - Episode 08.mp4,TV/I'm a Celebrity - Get Me Out of Here! [61913]/Season 18/I'm a Celebrity - Get Me Out of Here! - S18E08 - Episode 08.mp4,ok,none,"mov,mp4,m4a,3gp,3g2,mj2",h264,aac,3257.76,1373.5,ffprobe passed and file is TV-safe enough,,,
C:\X1_Share\Recordings\TV\I'm a Celebrity - Get Me Out of Here! [61913]\Season 19\I'm a Celebrity - Get Me Out of Here! - S19E01 - Episode 01.mp4,TV/I'm a Celebrity - Get Me Out of Here! [61913]/Season 19/I'm a Celebrity - Get Me Out of Here! - S19E01 - Episode 01.mp4,ok,none,"mov,mp4,m4a,3gp,3g2,mj2",h264,aac,4934.379683,1200.7,ffprobe passed and file is TV-safe enough,,,
C:\X1_Share\Recordings\TV\I'm a Celebrity - Get Me Out of Here! [61913]\Season 19\I'm a Celebrity - Get Me Out of Here! - S19E05 - Episode 05.mp4,TV/I'm a Celebrity - Get Me Out of Here! [61913]/Season 19/I'm a Celebrity - Get Me Out of Here! - S19E05 - Episode 05.mp4,ok,none,"mov,mp4,m4a,3gp,3g2,mj2",h264,aac,3304.961995,315.5,ffprobe passed and file is TV-safe enough,,,
C:\X1_Share\Recordings\TV\I'm a Celebrity - Get Me Out of Here! [61913]\Season 19\I'm a Celebrity - Get Me Out of Here! - S19E06 - Episode 06.mp4,TV/I'm a Celebrity - Get Me Out of Here! [61913]/Season 19/I'm a Celebrity - Get Me Out of Here! - S19E06 - Episode 06.mp4,ok,none,"mov,mp4,m4a,3gp,3g2,mj2",h264,aac,3309.841995,225.5,ffprobe passed and file is TV-safe enough,,,
C:\X1_Share\Recordings\TV\I'm a Celebrity - Get Me Out of Here! [61913]\Season 19\I'm a Celebrity - Get Me Out of Here! - S19E07 - Episode 07.mp4,TV/I'm a Celebrity - Get Me Out of Here! [61913]/Season 19/I'm a Celebrity - Get Me Out of Here! - S19E07 - Episode 07.mp4,ok,none,"mov,mp4,m4a,3gp,3g2,mj2",h264,aac,2854.960862,556.4,ffprobe passed and file is TV-safe enough,,,
C:\X1_Share\Recordings\TV\I'm a Celebrity - Get Me Out of Here! [61913]\Season 19\I'm a Celebrity - Get Me Out of Here! - S19E08 - Episode 08.mp4,TV/I'm a Celebrity - Get Me Out of Here! [61913]/Season 19/I'm a Celebrity - Get Me Out of Here! - S19E08 - Episode 08.mp4,ok,none,"mov,mp4,m4a,3gp,3g2,mj2",h264,aac,3112.658753,525.1,ffprobe passed and file is TV-safe enough,,,
C:\X1_Share\Recordings\TV\I'm a Celebrity - Get Me Out of Here! [61913]\Season 19\I'm a Celebrity - Get Me Out of Here! - S19E09 - Episode 09.mp4,TV/I'm a Celebrity - Get Me Out of Here! [61913]/Season 19/I'm a Celebrity - Get Me Out of Here! - S19E09 - Episode 09.mp4,ok,none,"mov,mp4,m4a,3gp,3g2,mj2",h264,aac,2800.001451,688.0,ffprobe passed and file is TV-safe enough,,,
C:\X1_Share\Recordings\TV\I'm a Celebrity - Get Me Out of Here! [61913]\Season 19\I'm a Celebrity - Get Me Out of Here! - S19E10 - Episode 10.mp4,TV/I'm a Celebrity - Get Me Out of Here! [61913]/Season 19/I'm a Celebrity - Get Me Out of Here! - S19E10 - Episode 10.mp4,ok,none,"mov,mp4,m4a,3gp,3g2,mj2",h264,aac,2800.001451,615.6,ffprobe passed and file is TV-safe enough,,,
C:\X1_Share\Recordings\TV\I'm a Celebrity - Get Me Out of Here! [61913]\Season 19\I'm a Celebrity - Get Me Out of Here! - S19E11 - Episode 11.mp4,TV/I'm a Celebrity - Get Me Out of Here! [61913]/Season 19/I'm a Celebrity - Get Me Out of Here! - S19E11 - Episode 11.mp4,ok,none,"mov,mp4,m4a,3gp,3g2,mj2",h264,aac,2800.001451,599.5,ffprobe passed and file is TV-safe enough,,,
C:\X1_Share\Recordings\TV\I'm a Celebrity - Get Me Out of Here! [61913]\Season 19\I'm a Celebrity - Get Me Out of Here! - S19E12 - Episode 12.mp4,TV/I'm a Celebrity - Get Me Out of Here! [61913]/Season 19/I'm a Celebrity - Get Me Out of Here! - S19E12 - Episode 12.mp4,ok,none,"mov,mp4,m4a,3gp,3g2,mj2",h264,aac,3846.640907,758.0,ffprobe passed and file is TV-safe enough,,,
C:\X1_Share\Recordings\TV\I'm a Celebrity - Get Me Out of Here! [61913]\Season 19\I'm a Celebrity - Get Me Out of Here! - S19E13 - Episode 13.mp4,TV/I'm a Celebrity - Get Me Out of Here! [61913]/Season 19/I'm a Celebrity - Get Me Out of Here! - S19E13 - Episode 13.mp4,ok,none,"mov,mp4,m4a,3gp,3g2,mj2",h264,aac,3019.986077,511.5,ffprobe passed and file is TV-safe enough,,,
C:\X1_Share\Recordings\TV\I'm a Celebrity - Get Me Out of Here! [61913]\Season 19\I'm a Celebrity - Get Me Out of Here! - S19E16 - Episode 16.mp4,TV/I'm a Celebrity - Get Me Out of Here! [61913]/Season 19/I'm a Celebrity - Get Me Out of Here! - S19E16 - Episode 16.mp4,ok,none,"mov,mp4,m4a,3gp,3g2,mj2",h264,aac,3843.970612,778.8,ffprobe passed and file is TV-safe enough,,,
C:\X1_Share\Recordings\TV\I'm a Celebrity - Get Me Out of Here! [61913]\Season 19\I'm a Celebrity - Get Me Out of Here! - S19E18 - Episode 18.mp4,TV/I'm a Celebrity - Get Me Out of Here! [61913]/Season 19/I'm a Celebrity - Get Me Out of Here! - S19E18 - Episode 18.mp4,ok,none,"mov,mp4,m4a,3gp,3g2,mj2",h264,aac,3916.97415,307.2,ffprobe passed and file is TV-safe enough,,,
C:\X1_Share\Recordings\TV\I'm a Celebrity - Get Me Out of Here! [61913]\Season 19\I'm a Celebrity - Get Me Out of Here! - S19E22 - Episode 22.mp4,TV/I'm a Celebrity - Get Me Out of Here! [61913]/Season 19/I'm a Celebrity - Get Me Out of Here! - S19E22 - Episode 22.mp4,ok,none,"mov,mp4,m4a,3gp,3g2,mj2",h264,aac,4042.117325,803.8,ffprobe passed and file is TV-safe enough,,,
C:\X1_Share\Recordings\TV\IT - Welcome to Derry [200875]\Season 01\IT - Welcome to Derry - S01E01 - The Pilot.mp4,TV/IT - Welcome to Derry [200875]/Season 01/IT - Welcome to Derry - S01E01 - The Pilot.mp4,ok,none,"mov,mp4,m4a,3gp,3g2,mj2",h264,aac,3225.948299,564.7,ffprobe passed and file is TV-safe enough,,,
C:\X1_Share\Recordings\TV\IT - Welcome to Derry [200875]\Season 01\IT - Welcome to Derry - S01E02 - The Thing in the Dark.mp4,TV/IT - Welcome to Derry [200875]/Season 01/IT - Welcome to Derry - S01E02 - The Thing in the Dark.mp4,ok,none,"mov,mp4,m4a,3gp,3g2,mj2",h264,aac,3928.305488,1254.2,ffprobe passed and file is TV-safe enough,,,
C:\X1_Share\Recordings\TV\Law & Order Toronto - Criminal Intent [228026]\Season 03\Law & Order Toronto - Criminal Intent - S03E01 - Skin Deep.mp4,TV/Law & Order Toronto - Criminal Intent [228026]/Season 03/Law & Order Toronto - Criminal Intent - S03E01 - Skin Deep.mp4,ok,none,"mov,mp4,m4a,3gp,3g2,mj2",h264,aac,2632.632018,546.8,ffprobe passed and file is TV-safe enough,,,
C:\X1_Share\Recordings\TV\Law & Order Toronto - Criminal Intent [228026]\Season 03\Law & Order Toronto - Criminal Intent - S03E02 - WAGMI.mp4,TV/Law & Order Toronto - Criminal Intent [228026]/Season 03/Law & Order Toronto - Criminal Intent - S03E02 - WAGMI.mp4,ok,none,mpegts,h264,aac,2636.567266,120.4,ffprobe passed and file is TV-safe enough,,,
C:\X1_Share\Recordings\TV\Law & Order Toronto - Criminal Intent [228026]\Season 03\Law & Order Toronto - Criminal Intent - S03E05 - Up To Snuff.mp4,TV/Law & Order Toronto - Criminal Intent [228026]/Season 03/Law & Order Toronto - Criminal Intent - S03E05 - Up To Snuff.mp4,ok,none,"mov,mp4,m4a,3gp,3g2,mj2",h264,aac,2636.509751,495.8,ffprobe passed and file is TV-safe enough,,,
C:\X1_Share\Recordings\TV\Law & Order Toronto - Criminal Intent [228026]\Season 03\Law & Order Toronto - Criminal Intent - S03E07 - Whole Lotta Love.mp4,TV/Law & Order Toronto - Criminal Intent [228026]/Season 03/Law & Order Toronto - Criminal Intent - S03E07 - Whole Lotta Love.mp4,ok,none,"mov,mp4,m4a,3gp,3g2,mj2",h264,aac,3001.044444,496.3,ffprobe passed and file is TV-safe enough,,,
C:\X1_Share\Recordings\TV\Law & Order Toronto - Criminal Intent [228026]\Season 03\Law & Order Toronto - Criminal Intent - S03E08 - The Winning Bid.mp4,TV/Law & Order Toronto - Criminal Intent [228026]/Season 03/Law & Order Toronto - Criminal Intent - S03E08 - The Winning Bid.mp4,ok,none,"mov,mp4,m4a,3gp,3g2,mj2",h264,aac,2637.531429,304.7,ffprobe passed and file is TV-safe enough,,,
C:\X1_Share\Recordings\TV\Law & Order Toronto - Criminal Intent [228026]\Season 03\Law & Order Toronto - Criminal Intent - S03E09 - Lost & Unfound.mp4,TV/Law & Order Toronto - Criminal Intent [228026]/Season 03/Law & Order Toronto - Criminal Intent - S03E09 - Lost & Unfound.mp4,ok,none,mpegts,h264,aac,2646.1852,314.4,ffprobe passed and file is TV-safe enough,,,
C:\X1_Share\Recordings\TV\Marshals [290856]\Season 01\Marshals - S01E05 - Lost Girls (1).mp4,TV/Marshals [290856]/Season 01/Marshals - S01E05 - Lost Girls (1).mp4,ok,none,"mov,mp4,m4a,3gp,3g2,mj2",h264,aac,2526.940656,561.7,ffprobe passed and file is TV-safe enough,,,
C:\X1_Share\Recordings\TV\Marshals [290856]\Season 01\Marshals - S01E06 - Out of the Shadows (2).mp4,TV/Marshals [290856]/Season 01/Marshals - S01E06 - Out of the Shadows (2).mp4,ok,none,"mov,mp4,m4a,3gp,3g2,mj2",h264,aac,2563.101778,611.8,ffprobe passed and file is TV-safe enough,,,
C:\X1_Share\Recordings\TV\Marshals [290856]\Season 01\Marshals - S01E08 - Blowback (1).mp4,TV/Marshals [290856]/Season 01/Marshals - S01E08 - Blowback (1).mp4,ok,none,mpegts,h264,aac,2572.736822,1008.5,ffprobe passed and file is TV-safe enough,,,
C:\X1_Share\Recordings\TV\Marshals [290856]\Season 01\Marshals - S01E10 - Playing with Fire (1).mp4,TV/Marshals [290856]/Season 01/Marshals - S01E10 - Playing with Fire (1).mp4,repaired,repaired,png_pipe,png,,0.0,296.6,missing/zero duration; video codec png may not be TV-safe,C:\X1_Share\Recordings\TV\Marshals [290856]\Season 01\Marshals - S01E10 - Playing with Fire (1).mp4,C:\X1_Share\Recordings\_MediaRenamer_Originals\20260511_231006\TV\Marshals [290856]\Season 01\Marshals - S01E10 - Playing with Fire (1).mp4,
C:\X1_Share\Recordings\TV\Marshals [290856]\Season 01\Marshals - S01E11 - On Thin Ice (2).mp4,TV/Marshals [290856]/Season 01/Marshals - S01E11 - On Thin Ice (2).mp4,repaired,repaired,png_pipe,png,,0.0,393.3,missing/zero duration; video codec png may not be TV-safe,C:\X1_Share\Recordings\TV\Marshals [290856]\Season 01\Marshals - S01E11 - On Thin Ice (2).mp4,C:\X1_Share\Recordings\_MediaRenamer_Originals\20260511_231006\TV\Marshals [290856]\Season 01\Marshals - S01E11 - On Thin Ice (2).mp4,
C:\X1_Share\Recordings\TV\Person of Interest [1411]\Season 02\Person of Interest - S02E19 - Trojan Horse.mp4,TV/Person of Interest [1411]/Season 02/Person of Interest - S02E19 - Trojan Horse.mp4,ok,none,"mov,mp4,m4a,3gp,3g2,mj2",h264,aac,2645.658413,278.7,ffprobe passed and file is TV-safe enough,,,
C:\X1_Share\Recordings\TV\Person of Interest [1411]\Season 02\Person of Interest - S02E20 - In Extremis.mp4,TV/Person of Interest [1411]/Season 02/Person of Interest - S02E20 - In Extremis.mp4,ok,none,"mov,mp4,m4a,3gp,3g2,mj2",h264,aac,2649.652245,272.8,ffprobe passed and file is TV-safe enough,,,
C:\X1_Share\Recordings\TV\Person of Interest [1411]\Season 02\Person of Interest - S02E22 - God Mode.mp4,TV/Person of Interest [1411]/Season 02/Person of Interest - S02E22 - God Mode.mp4,ok,none,"mov,mp4,m4a,3gp,3g2,mj2",h264,aac,2642.639989,402.2,ffprobe passed and file is TV-safe enough,,,
C:\X1_Share\Recordings\TV\Person of Interest [1411]\Season 03\Person of Interest - S03E04 - Reasonable Doubt.mp4,TV/Person of Interest [1411]/Season 03/Person of Interest - S03E04 - Reasonable Doubt.mp4,ok,none,"mov,mp4,m4a,3gp,3g2,mj2",h264,aac,2621.62576,291.7,ffprobe passed and file is TV-safe enough,,,
C:\X1_Share\Recordings\TV\Person of Interest [1411]\Season 03\Person of Interest - S03E05 - Razgovor.mp4,TV/Person of Interest [1411]/Season 03/Person of Interest - S03E05 - Razgovor.mp4,ok,none,"mov,mp4,m4a,3gp,3g2,mj2",h264,aac,2622.043719,300.3,ffprobe passed and file is TV-safe enough,,,
C:\X1_Share\Recordings\TV\Person of Interest [1411]\Season 03\Person of Interest - S03E07 - The Perfect Mark.mp4,TV/Person of Interest [1411]/Season 03/Person of Interest - S03E07 - The Perfect Mark.mp4,ok,none,"mov,mp4,m4a,3gp,3g2,mj2",h264,aac,2619.001905,347.6,ffprobe passed and file is TV-safe enough,,,
C:\X1_Share\Recordings\TV\Person of Interest [1411]\Season 03\Person of Interest - S03E08 - Endgame.mp4,TV/Person of Interest [1411]/Season 03/Person of Interest - S03E08 - Endgame.mp4,ok,none,"mov,mp4,m4a,3gp,3g2,mj2",h264,aac,2623.622676,285.7,ffprobe passed and file is TV-safe enough,,,
C:\X1_Share\Recordings\TV\Person of Interest [1411]\Season 03\Person of Interest - S03E09 - The Crossing.mp4,TV/Person of Interest [1411]/Season 03/Person of Interest - S03E09 - The Crossing.mp4,ok,none,"mov,mp4,m4a,3gp,3g2,mj2",h264,aac,2624.458594,262.0,ffprobe passed and file is TV-safe enough,,,
C:\X1_Share\Recordings\TV\Person of Interest [1411]\Season 03\Person of Interest - S03E10 - The Devil's Share.mp4,TV/Person of Interest [1411]/Season 03/Person of Interest - S03E10 - The Devil's Share.mp4,ok,none,"mov,mp4,m4a,3gp,3g2,mj2",h264,aac,2621.46322,222.1,ffprobe passed and file is TV-safe enough,,,
C:\X1_Share\Recordings\TV\Person of Interest [1411]\Season 03\Person of Interest - S03E11 - Lethe.mp4,TV/Person of Interest [1411]/Season 03/Person of Interest - S03E11 - Lethe.mp4,ok,none,"mov,mp4,m4a,3gp,3g2,mj2",h264,aac,2619.048345,265.8,ffprobe passed and file is TV-safe enough,,,
C:\X1_Share\Recordings\TV\Person of Interest [1411]\Season 03\Person of Interest - S03E12 - Aletheia.mp4,TV/Person of Interest [1411]/Season 03/Person of Interest - S03E12 - Aletheia.mp4,ok,none,"mov,mp4,m4a,3gp,3g2,mj2",h264,aac,2621.57932,358.6,ffprobe passed and file is TV-safe enough,,,
C:\X1_Share\Recordings\TV\Person of Interest [1411]\Season 03\Person of Interest - S03E13 - 4C.mp4,TV/Person of Interest [1411]/Season 03/Person of Interest - S03E13 - 4C.mp4,ok,none,"mov,mp4,m4a,3gp,3g2,mj2",h264,aac,2621.46322,247.7,ffprobe passed and file is TV-safe enough,,,
C:\X1_Share\Recordings\TV\Person of Interest [1411]\Season 03\Person of Interest - S03E14 - Provenance.mp4,TV/Person of Interest [1411]/Season 03/Person of Interest - S03E14 - Provenance.mp4,ok,none,"mov,mp4,m4a,3gp,3g2,mj2",h264,aac,2536.385306,293.3,ffprobe passed and file is TV-safe enough,,,
C:\X1_Share\Recordings\TV\Person of Interest [1411]\Season 03\Person of Interest - S03E15 - Last Call.mp4,TV/Person of Interest [1411]/Season 03/Person of Interest - S03E15 - Last Call.mp4,ok,none,"mov,mp4,m4a,3gp,3g2,mj2",h264,aac,2622.461678,306.3,ffprobe passed and file is TV-safe enough,,,
C:\X1_Share\Recordings\TV\Person of Interest [1411]\Season 03\Person of Interest - S03E16 - RAM.mp4,TV/Person of Interest [1411]/Season 03/Person of Interest - S03E16 - RAM.mp4,ok,none,"mov,mp4,m4a,3gp,3g2,mj2",h264,aac,2617.631927,322.9,ffprobe passed and file is TV-safe enough,,,
C:\X1_Share\Recordings\TV\RuPaul's Drag Race [8514]\Season 07\RuPaul's Drag Race - S07E06 - Episode 06.mp4,TV/RuPaul's Drag Race [8514]/Season 07/RuPaul's Drag Race - S07E06 - Episode 06.mp4,ok,none,"mov,mp4,m4a,3gp,3g2,mj2",h264,aac,4137.09932,1471.1,ffprobe passed and file is TV-safe enough,,,
C:\X1_Share\Recordings\TV\RuPaul's Drag Race [8514]\Season 17\RuPaul's Drag Race - S17E11 - Episode 11.mp4,TV/RuPaul's Drag Race [8514]/Season 17/RuPaul's Drag Race - S17E11 - Episode 11.mp4,ok,none,"mov,mp4,m4a,3gp,3g2,mj2",h264,aac,1259.47356,499.4,ffprobe passed and file is TV-safe enough,,,
C:\X1_Share\Recordings\TV\RuPaul's Drag Race [8514]\Season 18\RuPaul's Drag Race - S18E09 - Fannie - The Hard Knock Ball Rusical.mp4,TV/RuPaul's Drag Race [8514]/Season 18/RuPaul's Drag Race - S18E09 - Fannie - The Hard Knock Ball Rusical.mp4,repaired,repaired,png_pipe,png,,0.0,911.6,missing/zero duration; video codec png may not be TV-safe,C:\X1_Share\Recordings\TV\RuPaul's Drag Race [8514]\Season 18\RuPaul's Drag Race - S18E09 - Fannie - The Hard Knock Ball Rusical.mp4,C:\X1_Share\Recordings\_MediaRenamer_Originals\20260511_231006\TV\RuPaul's Drag Race [8514]\Season 18\RuPaul's Drag Race - S18E09 - Fannie - The Hard Knock Ball Rusical.mp4,
C:\X1_Share\Recordings\TV\RuPaul's Drag Race [8514]\Season 18\RuPaul's Drag Race - S18E10 - Drag in a Bag.mp4,TV/RuPaul's Drag Race [8514]/Season 18/RuPaul's Drag Race - S18E10 - Drag in a Bag.mp4,repaired,repaired,png_pipe,png,,0.0,1304.0,missing/zero duration; video codec png may not be TV-safe,C:\X1_Share\Recordings\TV\RuPaul's Drag Race [8514]\Season 18\RuPaul's Drag Race - S18E10 - Drag in a Bag.mp4,C:\X1_Share\Recordings\_MediaRenamer_Originals\20260511_231006\TV\RuPaul's Drag Race [8514]\Season 18\RuPaul's Drag Race - S18E10 - Drag in a Bag.mp4,
C:\X1_Share\Recordings\TV\RuPaul's Drag Race [8514]\Season 18\RuPaul's Drag Race - S18E11 - A Toast to Alyssa Edwards.mp4,TV/RuPaul's Drag Race [8514]/Season 18/RuPaul's Drag Race - S18E11 - A Toast to Alyssa Edwards.mp4,ok,none,mpegts,h264,aac,3695.7337,1442.3,ffprobe passed and file is TV-safe enough,,,
C:\X1_Share\Recordings\TV\RuPaul's Drag Race All Stars [67482]\Season 11\RuPaul's Drag Race All Stars - S11E01 - Break Dancin' 2 - Electric Rugaloo.mp4,TV/RuPaul's Drag Race All Stars [67482]/Season 11/RuPaul's Drag Race All Stars - S11E01 - Break Dancin' 2 - Electric Rugaloo.mp4,ok,none,mpegts,h264,aac,4053.616233,961.0,ffprobe passed and file is TV-safe enough,,,
C:\X1_Share\Recordings\TV\RuPaul's Drag Race All Stars [67482]\Season 11\RuPaul's Drag Race All Stars - S11E02 - Bar Queen Couture.mp4,TV/RuPaul's Drag Race All Stars [67482]/Season 11/RuPaul's Drag Race All Stars - S11E02 - Bar Queen Couture.mp4,ok,none,mpegts,h264,aac,3696.526166,790.3,ffprobe passed and file is TV-safe enough,,,
C:\X1_Share\Recordings\TV\RuPaul's Drag Race UK vs The World [155431]\Season 03\RuPaul's Drag Race UK vs The World - S03E06 - RuPaul's Fringe Festival.mp4,TV/RuPaul's Drag Race UK vs The World [155431]/Season 03/RuPaul's Drag Race UK vs The World - S03E06 - RuPaul's Fringe Festival.mp4,repaired,repaired,png_pipe,png,,0.0,828.5,missing/zero duration; video codec png may not be TV-safe,C:\X1_Share\Recordings\TV\RuPaul's Drag Race UK vs The World [155431]\Season 03\RuPaul's Drag Race UK vs The World - S03E06 - RuPaul's Fringe Festival.mp4,C:\X1_Share\Recordings\_MediaRenamer_Originals\20260511_231006\TV\RuPaul's Drag Race UK vs The World [155431]\Season 03\RuPaul's Drag Race UK vs The World - S03E06 - RuPaul's Fringe Festival.mp4,
C:\X1_Share\Recordings\TV\RuPaul's Drag Race UK vs The World [155431]\Season 03\RuPaul's Drag Race UK vs The World - S03E08 - Reunion & Lip Sync Smack Down For The Crown.mp4,TV/RuPaul's Drag Race UK vs The World [155431]/Season 03/RuPaul's Drag Race UK vs The World - S03E08 - Reunion & Lip Sync Smack Down For The Crown.mp4,ok,none,mpegts,h264,aac,4070.6082,1589.5,ffprobe passed and file is TV-safe enough,,,
C:\X1_Share\Recordings\TV\Sheriff Country [253391]\Season 01\Sheriff Country - S01E03 - The Sixth Man.mp4,TV/Sheriff Country [253391]/Season 01/Sheriff Country - S01E03 - The Sixth Man.mp4,ok,none,"mov,mp4,m4a,3gp,3g2,mj2",h264,aac,2595.480091,650.1,ffprobe passed and file is TV-safe enough,,,
C:\X1_Share\Recordings\TV\Sheriff Country [253391]\Season 01\Sheriff Country - S01E04 - Out of Office.mp4,TV/Sheriff Country [253391]/Season 01/Sheriff Country - S01E04 - Out of Office.mp4,ok,none,"mov,mp4,m4a,3gp,3g2,mj2",h264,aac,2600.147302,411.6,ffprobe passed and file is TV-safe enough,,,
C:\X1_Share\Recordings\TV\Sheriff Country [253391]\Season 01\Sheriff Country - S01E05 - Expecting Trouble.mp4,TV/Sheriff Country [253391]/Season 01/Sheriff Country - S01E05 - Expecting Trouble.mp4,ok,none,"mov,mp4,m4a,3gp,3g2,mj2",h264,aac,2599.473923,439.7,ffprobe passed and file is TV-safe enough,,,
C:\X1_Share\Recordings\TV\Sheriff Country [253391]\Season 01\Sheriff Country - S01E06 - Exit Interview.mp4,TV/Sheriff Country [253391]/Season 01/Sheriff Country - S01E06 - Exit Interview.mp4,ok,none,"mov,mp4,m4a,3gp,3g2,mj2",h264,aac,2598.684444,679.8,ffprobe passed and file is TV-safe enough,,,
C:\X1_Share\Recordings\TV\Sheriff Country [253391]\Season 01\Sheriff Country - S01E07 - Glory Days.mp4,TV/Sheriff Country [253391]/Season 01/Sheriff Country - S01E07 - Glory Days.mp4,ok,none,"mov,mp4,m4a,3gp,3g2,mj2",h264,aac,2385.02517,417.8,ffprobe passed and file is TV-safe enough,,,
C:\X1_Share\Recordings\TV\Sheriff Country [253391]\Season 01\Sheriff Country - S01E08 - Death & Taxes.mp4,TV/Sheriff Country [253391]/Season 01/Sheriff Country - S01E08 - Death & Taxes.mp4,ok,none,"mov,mp4,m4a,3gp,3g2,mj2",h264,aac,2594.272653,468.3,ffprobe passed and file is TV-safe enough,,,
C:\X1_Share\Recordings\TV\Sheriff Country [253391]\Season 01\Sheriff Country - S01E09 - Crucible (1).mp4,TV/Sheriff Country [253391]/Season 01/Sheriff Country - S01E09 - Crucible (1).mp4,ok,none,"mov,mp4,m4a,3gp,3g2,mj2",h264,aac,2598.243265,462.3,ffprobe passed and file is TV-safe enough,,,
C:\X1_Share\Recordings\TV\Sheriff Country [253391]\Season 01\Sheriff Country - S01E10 - Crucible (2).mp4,TV/Sheriff Country [253391]/Season 01/Sheriff Country - S01E10 - Crucible (2).mp4,ok,none,mpegts,h264,aac,2561.277078,365.2,ffprobe passed and file is TV-safe enough,,,
C:\X1_Share\Recordings\TV\Sheriff Country [253391]\Season 01\Sheriff Country - S01E11 - The Aftermath.mp4,TV/Sheriff Country [253391]/Season 01/Sheriff Country - S01E11 - The Aftermath.mp4,ok,none,"mov,mp4,m4a,3gp,3g2,mj2",h264,aac,715.735805,120.5,ffprobe passed and file is TV-safe enough,,,
C:\X1_Share\Recordings\TV\Sheriff Country [253391]\Season 01\Sheriff Country - S01E12 - Plus One.mp4,TV/Sheriff Country [253391]/Season 01/Sheriff Country - S01E12 - Plus One.mp4,ok,none,"mov,mp4,m4a,3gp,3g2,mj2",h264,aac,2599.938322,456.5,ffprobe passed and file is TV-safe enough,,,
C:\X1_Share\Recordings\TV\Sheriff Country [253391]\Season 01\Sheriff Country - S01E13 - The Finest (I).mp4,TV/Sheriff Country [253391]/Season 01/Sheriff Country - S01E13 - The Finest (I).mp4,ok,none,"mov,mp4,m4a,3gp,3g2,mj2",h264,aac,2596.223129,598.0,ffprobe passed and file is TV-safe enough,,,
C:\X1_Share\Recordings\TV\Sheriff Country [253391]\Season 01\Sheriff Country - S01E16 - Twenty Four Candles.mp4,TV/Sheriff Country [253391]/Season 01/Sheriff Country - S01E16 - Twenty Four Candles.mp4,ok,none,mpegts,h264,aac,2597.407333,466.4,ffprobe passed and file is TV-safe enough,,,
C:\X1_Share\Recordings\TV\Sheriff Country [253391]\Season 01\Sheriff Country - S01E18 - The Gambler.mp4,TV/Sheriff Country [253391]/Season 01/Sheriff Country - S01E18 - The Gambler.mp4,ok,none,mpegts,h264,aac,2578.450866,243.4,ffprobe passed and file is TV-safe enough,,,
"C:\X1_Share\Recordings\TV\St. Denis Medical [251941]\Season 02\St. Denis Medical - S02E01 - Aloha, Everyone.mp4","TV/St. Denis Medical [251941]/Season 02/St. Denis Medical - S02E01 - Aloha, Everyone.mp4",ok,none,"mov,mp4,m4a,3gp,3g2,mj2",h264,aac,1297.066667,547.2,ffprobe passed and file is TV-safe enough,,,
C:\X1_Share\Recordings\TV\St. Denis Medical [251941]\Season 02\St. Denis Medical - S02E02 - Mama Bear Activated.mp4,TV/St. Denis Medical [251941]/Season 02/St. Denis Medical - S02E02 - Mama Bear Activated.mp4,ok,none,"mov,mp4,m4a,3gp,3g2,mj2",h264,aac,1296.230748,509.4,ffprobe passed and file is TV-safe enough,,,
C:\X1_Share\Recordings\TV\St. Denis Medical [251941]\Season 02\St. Denis Medical - S02E16 - Experience with Human Babies.mp4,TV/St. Denis Medical [251941]/Season 02/St. Denis Medical - S02E16 - Experience with Human Babies.mp4,ok,none,"mov,mp4,m4a,3gp,3g2,mj2",h264,aac,1296.648707,402.8,ffprobe passed and file is TV-safe enough,,,
C:\X1_Share\Recordings\TV\St. Denis Medical [251941]\Season 02\St. Denis Medical - S02E18 - We Make Time.mp4,TV/St. Denis Medical [251941]/Season 02/St. Denis Medical - S02E18 - We Make Time.mp4,ok,none,"mov,mp4,m4a,3gp,3g2,mj2",h264,aac,1296.927347,352.0,ffprobe passed and file is TV-safe enough,,,
C:\X1_Share\Recordings\TV\Star Trek - Starfleet Academy [223530]\Season 01\Star Trek - Starfleet Academy - S01E09 - 300th Night.mp4,TV/Star Trek - Starfleet Academy [223530]/Season 01/Star Trek - Starfleet Academy - S01E09 - 300th Night.mp4,repaired,repaired,png_pipe,png,,0.0,426.7,missing/zero duration; video codec png may not be TV-safe,C:\X1_Share\Recordings\TV\Star Trek - Starfleet Academy [223530]\Season 01\Star Trek - Starfleet Academy - S01E09 - 300th Night.mp4,C:\X1_Share\Recordings\_MediaRenamer_Originals\20260511_231006\TV\Star Trek - Starfleet Academy [223530]\Season 01\Star Trek - Starfleet Academy - S01E09 - 300th Night.mp4,
C:\X1_Share\Recordings\TV\Star Trek - Starfleet Academy [223530]\Season 01\Star Trek - Starfleet Academy - S01E10 - Rubincon.mp4,TV/Star Trek - Starfleet Academy [223530]/Season 01/Star Trek - Starfleet Academy - S01E10 - Rubincon.mp4,ok,none,"mov,mp4,m4a,3gp,3g2,mj2",h264,aac,2640.944762,826.3,ffprobe passed and file is TV-safe enough,,,
C:\X1_Share\Recordings\TV\Talamasca - The Secret Order [256624]\Season 01\Talamasca - The Secret Order - S01E01 - We Watch. And We Are Always There.mp4,TV/Talamasca - The Secret Order [256624]/Season 01/Talamasca - The Secret Order - S01E01 - We Watch. And We Are Always There.mp4,ok,none,"mov,mp4,m4a,3gp,3g2,mj2",h264,aac,3125.243356,608.5,ffprobe passed and file is TV-safe enough,,,
C:\X1_Share\Recordings\TV\Talamasca - The Secret Order [256624]\Season 01\Talamasca - The Secret Order - S01E02 - A Wilderness of Mirrors.mp4,TV/Talamasca - The Secret Order [256624]/Season 01/Talamasca - The Secret Order - S01E02 - A Wilderness of Mirrors.mp4,ok,none,"mov,mp4,m4a,3gp,3g2,mj2",h264,aac,3030.97034,637.0,ffprobe passed and file is TV-safe enough,,,
C:\X1_Share\Recordings\TV\Talamasca - The Secret Order [256624]\Season 01\Talamasca - The Secret Order - S01E03 - The Task at Hand.mp4,TV/Talamasca - The Secret Order [256624]/Season 01/Talamasca - The Secret Order - S01E03 - The Task at Hand.mp4,ok,none,"mov,mp4,m4a,3gp,3g2,mj2",h264,aac,3274.292245,798.8,ffprobe passed and file is TV-safe enough,,,
C:\X1_Share\Recordings\TV\Talamasca - The Secret Order [256624]\Season 01\Talamasca - The Secret Order - S01E05 - The Puzzle Palace.mp4,TV/Talamasca - The Secret Order [256624]/Season 01/Talamasca - The Secret Order - S01E05 - The Puzzle Palace.mp4,ok,none,"mov,mp4,m4a,3gp,3g2,mj2",h264,aac,2821.549569,352.3,ffprobe passed and file is TV-safe enough,,,
C:\X1_Share\Recordings\TV\Talamasca - The Secret Order [256624]\Season 01\Talamasca - The Secret Order - S01E06 - The 752.mp4,TV/Talamasca - The Secret Order [256624]/Season 01/Talamasca - The Secret Order - S01E06 - The 752.mp4,ok,none,mpegts,h264,aac,3378.549822,647.2,ffprobe passed and file is TV-safe enough,,,
C:\X1_Share\Recordings\TV\The Boys [76479]\Season 05\The Boys - S05E03 - Every One of You Sons of Bitches.mp4,TV/The Boys [76479]/Season 05/The Boys - S05E03 - Every One of You Sons of Bitches.mp4,ok,none,mpegts,h264,aac,3946.533133,696.8,ffprobe passed and file is TV-safe enough,,,
C:\X1_Share\Recordings\TV\The Boys [76479]\Season 05\The Boys - S05E04 - King of Hell.mp4,TV/The Boys [76479]/Season 05/The Boys - S05E04 - King of Hell.mp4,ok,none,"mov,mp4,m4a,3gp,3g2,mj2",h264,aac,3948.460408,578.3,ffprobe passed and file is TV-safe enough,,,
C:\X1_Share\Recordings\TV\The Capture [93166]\Season 01\The Capture - S01E01 - What Happens in Helmand.mp4,TV/The Capture [93166]/Season 01/The Capture - S01E01 - What Happens in Helmand.mp4,ok,none,"mov,mp4,m4a,3gp,3g2,mj2",h264,aac,3331.575873,353.2,ffprobe passed and file is TV-safe enough,,,
C:\X1_Share\Recordings\TV\The Capture [93166]\Season 01\The Capture - S01E02 - Toy Soldier.mp4,TV/The Capture [93166]/Season 01/The Capture - S01E02 - Toy Soldier.mp4,ok,none,"mov,mp4,m4a,3gp,3g2,mj2",h264,aac,3380.221678,404.5,ffprobe passed and file is TV-safe enough,,,
C:\X1_Share\Recordings\TV\The Capture [93166]\Season 01\The Capture - S01E03 - Truffle Hog.mp4,TV/The Capture [93166]/Season 01/The Capture - S01E03 - Truffle Hog.mp4,ok,none,"mov,mp4,m4a,3gp,3g2,mj2",h264,aac,3517.730249,353.9,ffprobe passed and file is TV-safe enough,,,
C:\X1_Share\Recordings\TV\The Capture [93166]\Season 01\The Capture - S01E04 - Blind Spots.mp4,TV/The Capture [93166]/Season 01/The Capture - S01E04 - Blind Spots.mp4,ok,none,"mov,mp4,m4a,3gp,3g2,mj2",h264,aac,3340.887075,356.8,ffprobe passed and file is TV-safe enough,,,
C:\X1_Share\Recordings\TV\The Capture [93166]\Season 01\The Capture - S01E05 - A Pilgrim of Justice.mp4,TV/The Capture [93166]/Season 01/The Capture - S01E05 - A Pilgrim of Justice.mp4,ok,none,"mov,mp4,m4a,3gp,3g2,mj2",h264,aac,3569.417868,301.0,ffprobe passed and file is TV-safe enough,,,
C:\X1_Share\Recordings\TV\The Capture [93166]\Season 01\The Capture - S01E06 - Correction.mp4,TV/The Capture [93166]/Season 01/The Capture - S01E06 - Correction.mp4,ok,none,"mov,mp4,m4a,3gp,3g2,mj2",h264,aac,3568.86059,311.1,ffprobe passed and file is TV-safe enough,,,
C:\X1_Share\Recordings\TV\The Curse of Oak Island [60603]\Season 02\The Curse of Oak Island - S02E08 - X Marks the Spot.ts,TV/The Curse of Oak Island [60603]/Season 02/The Curse of Oak Island - S02E08 - X Marks the Spot.ts,repaired,repaired,mpegts,h264,aac,1263.055999,881.3,not mp4 container,C:\X1_Share\Recordings\TV\The Curse of Oak Island [60603]\Season 02\The Curse of Oak Island - S02E08 - X Marks the Spot.mp4,C:\X1_Share\Recordings\_MediaRenamer_Originals\20260511_231006\TV\The Curse of Oak Island [60603]\Season 02\The Curse of Oak Island - S02E08 - X Marks the Spot.ts,
C:\X1_Share\Recordings\TV\The Curse of Oak Island [60603]\Season 13\The Curse of Oak Island - S13E10 - Boulder and Wiser.ts,TV/The Curse of Oak Island [60603]/Season 13/The Curse of Oak Island - S13E10 - Boulder and Wiser.ts,repaired,repaired,mpegts,h264,aac,10.7587,4.5,not mp4 container,C:\X1_Share\Recordings\TV\The Curse of Oak Island [60603]\Season 13\The Curse of Oak Island - S13E10 - Boulder and Wiser.mp4,C:\X1_Share\Recordings\_MediaRenamer_Originals\20260511_231006\TV\The Curse of Oak Island [60603]\Season 13\The Curse of Oak Island - S13E10 - Boulder and Wiser.ts,
C:\X1_Share\Recordings\TV\The Curse of Oak Island [60603]\Season 13\The Curse of Oak Island - S13E16 - Raising the Stakes.mp4,TV/The Curse of Oak Island [60603]/Season 13/The Curse of Oak Island - S13E16 - Raising the Stakes.mp4,ok,none,"mov,mp4,m4a,3gp,3g2,mj2",hevc,aac,2499.6045,133.8,ffprobe passed and file is TV-safe enough,,,
C:\X1_Share\Recordings\TV\The Curse of Oak Island [60603]\Season 13\The Curse of Oak Island - S13E17 - The Missing Links.mp4,TV/The Curse of Oak Island [60603]/Season 13/The Curse of Oak Island - S13E17 - The Missing Links.mp4,repaired,repaired,png_pipe,png,,0.0,935.0,missing/zero duration; video codec png may not be TV-safe,C:\X1_Share\Recordings\TV\The Curse of Oak Island [60603]\Season 13\The Curse of Oak Island - S13E17 - The Missing Links.mp4,C:\X1_Share\Recordings\_MediaRenamer_Originals\20260511_231006\TV\The Curse of Oak Island [60603]\Season 13\The Curse of Oak Island - S13E17 - The Missing Links.mp4,
C:\X1_Share\Recordings\TV\The Curse of Oak Island [60603]\Season 13\The Curse of Oak Island - S13E25 - Pure Gold.mp4,TV/The Curse of Oak Island [60603]/Season 13/The Curse of Oak Island - S13E25 - Pure Gold.mp4,ok,none,mpegts,h264,aac,2525.606411,427.9,ffprobe passed and file is TV-safe enough,,,
C:\X1_Share\Recordings\TV\The Great Comic Relief Bake Off [86499]\Season 02\The Great Comic Relief Bake Off - S02E01 - Episode 1.mp4,TV/The Great Comic Relief Bake Off [86499]/Season 02/The Great Comic Relief Bake Off - S02E01 - Episode 1.mp4,ok,none,"mov,mp4,m4a,3gp,3g2,mj2",h264,aac,3477.141769,795.2,ffprobe passed and file is TV-safe enough,,,
C:\X1_Share\Recordings\TV\The Hunting Party [247723]\Season 01\The Hunting Party - S01E08 - Denise Glenn.mp4,TV/The Hunting Party [247723]/Season 01/The Hunting Party - S01E08 - Denise Glenn.mp4,ok,none,"mov,mp4,m4a,3gp,3g2,mj2",h264,aac,2538.869841,619.4,ffprobe passed and file is TV-safe enough,,,
C:\X1_Share\Recordings\TV\The Hunting Party [247723]\Season 02\The Hunting Party - S02E05 - Noah Cyrus.mp4,TV/The Hunting Party [247723]/Season 02/The Hunting Party - S02E05 - Noah Cyrus.mp4,repaired,repaired,png_pipe,png,,0.0,278.9,missing/zero duration; video codec png may not be TV-safe,C:\X1_Share\Recordings\TV\The Hunting Party [247723]\Season 02\The Hunting Party - S02E05 - Noah Cyrus.mp4,C:\X1_Share\Recordings\_MediaRenamer_Originals\20260511_231006\TV\The Hunting Party [247723]\Season 02\The Hunting Party - S02E05 - Noah Cyrus.mp4,
C:\X1_Share\Recordings\TV\The Hunting Party [247723]\Season 02\The Hunting Party - S02E06 - Lou Kaplan.mp4,TV/The Hunting Party [247723]/Season 02/The Hunting Party - S02E06 - Lou Kaplan.mp4,ok,none,mpegts,h264,aac,2522.144622,292.7,ffprobe passed and file is TV-safe enough,,,
C:\X1_Share\Recordings\TV\The Hunting Party [247723]\Season 02\The Hunting Party - S02E07 - Sidney Fairfax.mp4,TV/The Hunting Party [247723]/Season 02/The Hunting Party - S02E07 - Sidney Fairfax.mp4,ok,none,"mov,mp4,m4a,3gp,3g2,mj2",h264,aac,2517.855782,477.9,ffprobe passed and file is TV-safe enough,,,
C:\X1_Share\Recordings\TV\The Hunting Party [247723]\Season 02\The Hunting Party - S02E08 - Elliot Carr.mp4,TV/The Hunting Party [247723]/Season 02/The Hunting Party - S02E08 - Elliot Carr.mp4,ok,none,"mov,mp4,m4a,3gp,3g2,mj2",h264,aac,2516.160726,619.3,ffprobe passed and file is TV-safe enough,,,
C:\X1_Share\Recordings\TV\The Hunting Party [247723]\Season 02\The Hunting Party - S02E09 - Colette Akins.ts,TV/The Hunting Party [247723]/Season 02/The Hunting Party - S02E09 - Colette Akins.ts,repaired,repaired,mpegts,h264,aac,3829.5007,586.2,not mp4 container,C:\X1_Share\Recordings\TV\The Hunting Party [247723]\Season 02\The Hunting Party - S02E09 - Colette Akins.mp4,C:\X1_Share\Recordings\_MediaRenamer_Originals\20260511_231006\TV\The Hunting Party [247723]\Season 02\The Hunting Party - S02E09 - Colette Akins.ts,
C:\X1_Share\Recordings\TV\The Hunting Party [247723]\Season 02\The Hunting Party - S02E10 - Byron May.mp4,TV/The Hunting Party [247723]/Season 02/The Hunting Party - S02E10 - Byron May.mp4,repaired,repaired,png_pipe,png,,0.0,272.6,missing/zero duration; video codec png may not be TV-safe,C:\X1_Share\Recordings\TV\The Hunting Party [247723]\Season 02\The Hunting Party - S02E10 - Byron May.mp4,C:\X1_Share\Recordings\_MediaRenamer_Originals\20260511_231006\TV\The Hunting Party [247723]\Season 02\The Hunting Party - S02E10 - Byron May.mp4,
C:\X1_Share\Recordings\TV\The Hunting Party [247723]\Season 02\The Hunting Party - S02E11 - Dylan Miles.mp4,TV/The Hunting Party [247723]/Season 02/The Hunting Party - S02E11 - Dylan Miles.mp4,repaired,repaired,png_pipe,png,,0.0,325.9,missing/zero duration; video codec png may not be TV-safe,C:\X1_Share\Recordings\TV\The Hunting Party [247723]\Season 02\The Hunting Party - S02E11 - Dylan Miles.mp4,C:\X1_Share\Recordings\_MediaRenamer_Originals\20260511_231006\TV\The Hunting Party [247723]\Season 02\The Hunting Party - S02E11 - Dylan Miles.mp4,
C:\X1_Share\Recordings\TV\The Hunting Party [247723]\Season 02\The Hunting Party - S02E12 - Nancy Albright.mp4,TV/The Hunting Party [247723]/Season 02/The Hunting Party - S02E12 - Nancy Albright.mp4,repaired,repaired,png_pipe,png,,0.0,316.6,missing/zero duration; video codec png may not be TV-safe,C:\X1_Share\Recordings\TV\The Hunting Party [247723]\Season 02\The Hunting Party - S02E12 - Nancy Albright.mp4,C:\X1_Share\Recordings\_MediaRenamer_Originals\20260511_231006\TV\The Hunting Party [247723]\Season 02\The Hunting Party - S02E12 - Nancy Albright.mp4,
C:\X1_Share\Recordings\TV\The Hunting Party [247723]\Season 02\The Hunting Party - S02E13 - Xander Wax.mp4,TV/The Hunting Party [247723]/Season 02/The Hunting Party - S02E13 - Xander Wax.mp4,repaired,repaired,png_pipe,png,,0.0,295.8,missing/zero duration; video codec png may not be TV-safe,C:\X1_Share\Recordings\TV\The Hunting Party [247723]\Season 02\The Hunting Party - S02E13 - Xander Wax.mp4,C:\X1_Share\Recordings\_MediaRenamer_Originals\20260511_231006\TV\The Hunting Party [247723]\Season 02\The Hunting Party - S02E13 - Xander Wax.mp4,
C:\X1_Share\Recordings\TV\The Inspector Lynley Mysteries [1167]\Season 01\The Inspector Lynley Mysteries - S01E01 - Well-Schooled in Murder.mp4,TV/The Inspector Lynley Mysteries [1167]/Season 01/The Inspector Lynley Mysteries - S01E01 - Well-Schooled in Murder.mp4,ok,none,mpegts,h264,aac,5169.16,1368.1,ffprobe passed and file is TV-safe enough,,,
C:\X1_Share\Recordings\TV\The Inspector Lynley Mysteries [1167]\Season 01\The Inspector Lynley Mysteries - S01E02 - Payment in Blood.mp4,TV/The Inspector Lynley Mysteries [1167]/Season 01/The Inspector Lynley Mysteries - S01E02 - Payment in Blood.mp4,ok,none,mpegts,h264,aac,5343.16,1290.9,ffprobe passed and file is TV-safe enough,,,
C:\X1_Share\Recordings\TV\The Inspector Lynley Mysteries [1167]\Season 01\The Inspector Lynley Mysteries - S01E03 - For the Sake of Elena.mp4,TV/The Inspector Lynley Mysteries [1167]/Season 01/The Inspector Lynley Mysteries - S01E03 - For the Sake of Elena.mp4,ok,none,"mov,mp4,m4a,3gp,3g2,mj2",h264,aac,5325.28,1420.9,ffprobe passed and file is TV-safe enough,,,
C:\X1_Share\Recordings\TV\The Inspector Lynley Mysteries [1167]\Season 01\The Inspector Lynley Mysteries - S01E04 - Missing Joseph.mp4,TV/The Inspector Lynley Mysteries [1167]/Season 01/The Inspector Lynley Mysteries - S01E04 - Missing Joseph.mp4,ok,none,mpegts,h264,aac,4758.042666,1026.1,ffprobe passed and file is TV-safe enough,,,
C:\X1_Share\Recordings\TV\The Last Frontier [221079]\Season 01\The Last Frontier - S01E01 - Blue Skies.mp4,TV/The Last Frontier [221079]/Season 01/The Last Frontier - S01E01 - Blue Skies.mp4,ok,none,"mov,mp4,m4a,3gp,3g2,mj2",h264,aac,3607.498594,496.4,ffprobe passed and file is TV-safe enough,,,
C:\X1_Share\Recordings\TV\The Last Frontier [221079]\Season 01\The Last Frontier - S01E02 - Wind of Change.mp4,TV/The Last Frontier [221079]/Season 01/The Last Frontier - S01E02 - Wind of Change.mp4,ok,none,"mov,mp4,m4a,3gp,3g2,mj2",h264,aac,3357.953741,410.8,ffprobe passed and file is TV-safe enough,,,
C:\X1_Share\Recordings\TV\The Last Frontier [221079]\Season 01\The Last Frontier - S01E03 - Country as F - - k.mp4,TV/The Last Frontier [221079]/Season 01/The Last Frontier - S01E03 - Country as F - - k.mp4,ok,none,"mov,mp4,m4a,3gp,3g2,mj2",h264,aac,3662.088707,673.3,ffprobe passed and file is TV-safe enough,,,
C:\X1_Share\Recordings\TV\The Last Frontier [221079]\Season 01\The Last Frontier - S01E04 - American Dream.mp4,TV/The Last Frontier [221079]/Season 01/The Last Frontier - S01E04 - American Dream.mp4,ok,none,"mov,mp4,m4a,3gp,3g2,mj2",h264,aac,3347.736961,317.4,ffprobe passed and file is TV-safe enough,,,
C:\X1_Share\Recordings\TV\The Last Frontier [221079]\Season 01\The Last Frontier - S01E05 - Arnaq.mp4,TV/The Last Frontier [221079]/Season 01/The Last Frontier - S01E05 - Arnaq.mp4,ok,none,"mov,mp4,m4a,3gp,3g2,mj2",h264,aac,3123.594739,330.7,ffprobe passed and file is TV-safe enough,,,
C:\X1_Share\Recordings\TV\The Masked Singer [84910]\Season 07\The Masked Singer - S07E03 - Episode 03.ts,TV/The Masked Singer [84910]/Season 07/The Masked Singer - S07E03 - Episode 03.ts,repaired,repaired,mpegts,h264,,1561.663656,760.0,not mp4 container,C:\X1_Share\Recordings\TV\The Masked Singer [84910]\Season 07\The Masked Singer - S07E03 - Episode 03.mp4,C:\X1_Share\Recordings\_MediaRenamer_Originals\20260511_231006\TV\The Masked Singer [84910]\Season 07\The Masked Singer - S07E03 - Episode 03.ts,
C:\X1_Share\Recordings\TV\The Masked Singer [84910]\Season 14\The Masked Singer - S14E08 - Ozzfest Night.ts,TV/The Masked Singer [84910]/Season 14/The Masked Singer - S14E08 - Ozzfest Night.ts,repaired,repaired,mpegts,h264,aac,1455.366666,1471.5,not mp4 container,C:\X1_Share\Recordings\TV\The Masked Singer [84910]\Season 14\The Masked Singer - S14E08 - Ozzfest Night.mp4,C:\X1_Share\Recordings\_MediaRenamer_Originals\20260511_231006\TV\The Masked Singer [84910]\Season 14\The Masked Singer - S14E08 - Ozzfest Night.ts,
C:\X1_Share\Recordings\TV\The Masked Singer [84910]\Season 14\The Masked Singer - S14E09 - Care Bears Night.mp4,TV/The Masked Singer [84910]/Season 14/The Masked Singer - S14E09 - Care Bears Night.mp4,ok,none,"mov,mp4,m4a,3gp,3g2,mj2",h264,aac,2592.296333,571.9,ffprobe passed and file is TV-safe enough,,,
C:\X1_Share\Recordings\TV\The Masked Singer [84910]\Season 14\The Masked Singer - S14E11 - Semi-Finals.mp4,TV/The Masked Singer [84910]/Season 14/The Masked Singer - S14E11 - Semi-Finals.mp4,ok,none,"mov,mp4,m4a,3gp,3g2,mj2",h264,aac,2573.109111,429.6,ffprobe passed and file is TV-safe enough,,,
C:\X1_Share\Recordings\TV\This Hour Has 22 Minutes [70]\Season 20\This Hour Has 22 Minutes - S20E25 - Episode 25.ts,TV/This Hour Has 22 Minutes [70]/Season 20/This Hour Has 22 Minutes - S20E25 - Episode 25.ts,repaired,repaired,mpegts,h264,aac,1890.014667,722.4,not mp4 container,C:\X1_Share\Recordings\TV\This Hour Has 22 Minutes [70]\Season 20\This Hour Has 22 Minutes - S20E25 - Episode 25.mp4,C:\X1_Share\Recordings\_MediaRenamer_Originals\20260511_231006\TV\This Hour Has 22 Minutes [70]\Season 20\This Hour Has 22 Minutes - S20E25 - Episode 25.ts,
C:\X1_Share\Recordings\TV\Watson [242867]\Season 02\Watson - S02E15 - A Third Act Surprise.mp4,TV/Watson [242867]/Season 02/Watson - S02E15 - A Third Act Surprise.mp4,ok,none,"mov,mp4,m4a,3gp,3g2,mj2",h264,aac,575.579433,61.4,ffprobe passed and file is TV-safe enough,,,
C:\X1_Share\Recordings\TV\Watson [242867]\Season 02\Watson - S02E16 - Respect the Process. Respect the Quirks.mp4,TV/Watson [242867]/Season 02/Watson - S02E16 - Respect the Process. Respect the Quirks.mp4,repaired,repaired,png_pipe,png,,0.0,276.3,missing/zero duration; video codec png may not be TV-safe,C:\X1_Share\Recordings\TV\Watson [242867]\Season 02\Watson - S02E16 - Respect the Process. Respect the Quirks.mp4,C:\X1_Share\Recordings\_MediaRenamer_Originals\20260511_231006\TV\Watson [242867]\Season 02\Watson - S02E16 - Respect the Process. Respect the Quirks.mp4,
C:\X1_Share\Recordings\TV\Watson [242867]\Season 02\Watson - S02E17 - Unsolved Mysteries.mp4,TV/Watson [242867]/Season 02/Watson - S02E17 - Unsolved Mysteries.mp4,repaired,repaired,png_pipe,png,,0.0,238.8,missing/zero duration; video codec png may not be TV-safe,C:\X1_Share\Recordings\TV\Watson [242867]\Season 02\Watson - S02E17 - Unsolved Mysteries.mp4,C:\X1_Share\Recordings\_MediaRenamer_Originals\20260511_231006\TV\Watson [242867]\Season 02\Watson - S02E17 - Unsolved Mysteries.mp4,
C:\X1_Share\Recordings\TV\Watson [242867]\Season 02\Watson - S02E18 - Sic Semper Tyrannis.mp4,TV/Watson [242867]/Season 02/Watson - S02E18 - Sic Semper Tyrannis.mp4,repaired,repaired,png_pipe,png,,0.0,220.6,missing/zero duration; video codec png may not be TV-safe,C:\X1_Share\Recordings\TV\Watson [242867]\Season 02\Watson - S02E18 - Sic Semper Tyrannis.mp4,C:\X1_Share\Recordings\_MediaRenamer_Originals\20260511_231006\TV\Watson [242867]\Season 02\Watson - S02E18 - Sic Semper Tyrannis.mp4,
C:\X1_Share\Recordings\TV\Watson [242867]\Season 02\Watson - S02E19 - Rule of Three.mp4,TV/Watson [242867]/Season 02/Watson - S02E19 - Rule of Three.mp4,repaired,repaired,png_pipe,png,,0.0,213.4,missing/zero duration; video codec png may not be TV-safe,C:\X1_Share\Recordings\TV\Watson [242867]\Season 02\Watson - S02E19 - Rule of Three.mp4,C:\X1_Share\Recordings\_MediaRenamer_Originals\20260511_231006\TV\Watson [242867]\Season 02\Watson - S02E19 - Rule of Three.mp4,
C:\X1_Share\Recordings\TV\Watson [242867]\Season 02\Watson - S02E20 - The Cobalt Fissure.mp4,TV/Watson [242867]/Season 02/Watson - S02E20 - The Cobalt Fissure.mp4,repaired,repaired,png_pipe,png,,0.0,225.2,missing/zero duration; video codec png may not be TV-safe,C:\X1_Share\Recordings\TV\Watson [242867]\Season 02\Watson - S02E20 - The Cobalt Fissure.mp4,C:\X1_Share\Recordings\_MediaRenamer_Originals\20260511_231006\TV\Watson [242867]\Season 02\Watson - S02E20 - The Cobalt Fissure.mp4,
C:\X1_Share\Recordings\TV\You [78191]\Season 01\You - S01E01 - Pilot.mp4,TV/You [78191]/Season 01/You - S01E01 - Pilot.mp4,ok,none,"mov,mp4,m4a,3gp,3g2,mj2",h264,aac,3385.237188,708.6,ffprobe passed and file is TV-safe enough,,,
C:\X1_Share\Recordings\TV\You [78191]\Season 01\You - S01E02 - The Last Nice Guy in New York.mp4,TV/You [78191]/Season 01/You - S01E02 - The Last Nice Guy in New York.mp4,ok,none,"mov,mp4,m4a,3gp,3g2,mj2",h264,aac,2864.669025,465.0,ffprobe passed and file is TV-safe enough,,,
"C:\X1_Share\Recordings\TV\You [78191]\Season 02\You - S02E04 - The Good, the Bad, & the Hendy.mp4","TV/You [78191]/Season 02/You - S02E04 - The Good, the Bad, & the Hendy.mp4",ok,none,"mov,mp4,m4a,3gp,3g2,mj2",h264,aac,3388.426009,423.3,ffprobe passed and file is TV-safe enough,,,
"C:\X1_Share\Recordings\TV\You [78191]\Season 02\You - S02E06 - Farewell, My Bunny.mp4","TV/You [78191]/Season 02/You - S02E06 - Farewell, My Bunny.mp4",ok,none,mpegts,h264,aac,2519.475289,372.6,ffprobe passed and file is TV-safe enough,,,
C:\X1_Share\Recordings\TV\Your Friends & Neighbors [241609]\Season 02\Your Friends & Neighbors - S02E05 - Halfway to Invisible.mp4,TV/Your Friends & Neighbors [241609]/Season 02/Your Friends & Neighbors - S02E05 - Halfway to Invisible.mp4,repaired,repaired,png_pipe,png,,0.0,335.0,missing/zero duration; video codec png may not be TV-safe,C:\X1_Share\Recordings\TV\Your Friends & Neighbors [241609]\Season 02\Your Friends & Neighbors - S02E05 - Halfway to Invisible.mp4,C:\X1_Share\Recordings\_MediaRenamer_Originals\20260511_231006\TV\Your Friends & Neighbors [241609]\Season 02\Your Friends & Neighbors - S02E05 - Halfway to Invisible.mp4,
"C:\X1_Share\Recordings\TV\Your Friends & Neighbors [241609]\Season 02\Your Friends & Neighbors - S02E06 - For Everything Else, There Was Bowling.mp4","TV/Your Friends & Neighbors [241609]/Season 02/Your Friends & Neighbors - S02E06 - For Everything Else, There Was Bowling.mp4",repaired,repaired,png_pipe,png,,0.0,103.9,missing/zero duration; video codec png may not be TV-safe,"C:\X1_Share\Recordings\TV\Your Friends & Neighbors [241609]\Season 02\Your Friends & Neighbors - S02E06 - For Everything Else, There Was Bowling.mp4","C:\X1_Share\Recordings\_MediaRenamer_Originals\20260511_231006\TV\Your Friends & Neighbors [241609]\Season 02\Your Friends & Neighbors - S02E06 - For Everything Else, There Was Bowling.mp4",
